Customer,Car,EcoFriendly,OrganicFood,QualityEducation,RealEstate,FitnessAndSport,Youtube,Facebook,WhatsApp,Instagram,WeChat,TikTok,QQ,Weibo,Twitter,LinkedIn,Snapchat,Pinterest,Reddit,Telegram,LINE,Viber,IMO,Zalo,VK,Odnoklassniki
Customer1,0.06,0.27,0.16,0.85,0.0,0.71,0.53,0.32,0.45,0.34,0.17,0.71,0.88,0.34,0.07,0.46,0.18,0.17,0.51,0.03,0.51,0.58,0.7,0.72,0.55,0.33
Customer2,0.11,0.24,0.92,0.9,0.24,0.94,0.44,0.27,0.6,0.2,0.4,0.35,0.62,0.68,0.84,0.06,0.3,0.74,0.65,0.41,0.85,0.55,0.4,0.12,0.69,0.94
Customer3,0.54,0.9,0.67,0.62,0.5,0.85,0.57,0.28,0.97,0.19,0.08,0.6,0.25,0.01,0.4,0.55,0.49,0.38,0.76,0.84,0.58,0.68,0.46,0.08,0.94,0.31
Customer4,0.69,0.64,0.25,0.97,0.27,0.43,0.96,0.89,0.93,0.37,0.06,0.59,0.55,0.93,0.96,0.39,0.26,0.49,0.67,0.36,0.25,0.61,0.53,0.69,0.33,0.42
Customer5,0.27,0.64,0.16,0.83,0.61,0.83,0.48,0.1,0.33,0.14,0.4,0.61,0.26,0.75,0.86,0.71,0.87,0.19,0.37,0.12,0.32,0.35,0.64,0.2,0.19,0.32
Customer6,0.93,0.95,0.37,0.62,0.79,0.19,0.22,0.25,0.95,0.31,0.77,0.77,0.32,0.11,0.25,0.17,0.59,0.99,0.51,0.04,0.87,0.91,0.95,0.97,0.71,0.76
Customer7,0.88,0.78,0.52,0.0,0.7,0.79,0.47,0.53,0.99,0.02,0.16,0.08,0.67,0.33,0.45,0.72,0.07,0.35,0.11,0.99,0.88,0.79,0.58,0.76,0.14,0.91
Customer8,0.95,0.53,0.91,0.12,0.07,0.31,0.43,0.06,0.34,0.76,0.54,0.88,0.5,0.37,0.95,0.7,0.2,0.61,0.2,0.42,0.25,0.77,0.33,0.33,0.04,0.39
Customer9,0.45,0.82,0.78,0.01,0.0,0.54,0.45,0.4,0.63,0.85,0.67,0.59,0.39,0.53,0.53,0.38,0.59,0.04,0.49,0.86,0.62,0.74,0.44,0.32,0.97,0.07
Customer10,0.19,0.37,0.54,0.3,0.43,0.29,0.71,0.5,0.66,0.85,0.97,0.81,0.88,0.79,0.33,0.28,0.57,0.13,0.28,0.47,0.88,0.61,0.36,0.84,0.14,0.46
Customer11,0.89,0.37,0.58,0.53,0.36,0.94,0.7,0.69,0.74,0.54,0.22,0.31,0.05,0.68,0.07,0.95,0.57,0.17,0.42,0.52,0.08,0.0,0.58,0.95,0.74,0.12
Customer12,0.39,0.07,0.41,0.13,0.34,0.61,0.97,0.72,0.61,0.2,0.37,0.7,0.77,0.93,0.86,0.72,0.01,0.04,0.94,0.41,0.3,0.59,0.48,0.29,0.86,0.02
Customer13,0.16,0.03,0.58,0.38,0.46,0.64,0.64,0.13,0.26,0.82,0.82,0.6,0.88,0.49,0.77,0.13,0.89,0.51,0.4,0.55,0.36,0.74,0.31,0.57,1.0,0.7
Customer14,0.12,0.38,0.6,0.74,0.55,0.6,0.83,0.27,0.99,0.19,0.32,0.71,0.75,0.09,0.11,0.45,0.73,0.05,0.48,0.53,0.45,0.98,0.25,0.52,0.12,0.28
Customer15,0.33,1.0,0.52,0.67,0.44,0.88,1.0,0.85,0.95,0.9,0.15,0.39,0.52,0.86,0.31,0.84,0.82,0.99,0.93,0.29,0.34,0.93,0.01,0.12,0.56,0.89
Customer16,0.07,0.56,0.73,0.06,0.87,0.38,0.04,0.94,0.75,0.62,0.12,0.4,0.12,0.28,0.33,0.19,0.88,0.53,0.26,0.48,0.24,0.9,0.93,0.49,0.64,0.79
Customer17,0.15,0.79,0.81,0.96,0.22,0.17,0.42,0.99,0.89,0.58,0.28,0.14,0.76,0.59,0.77,0.32,0.38,0.42,0.1,0.13,0.49,0.25,0.93,0.35,0.84,0.82
Customer18,0.87,0.97,0.83,0.19,0.7,0.25,0.49,0.2,0.9,0.35,0.03,0.38,0.83,0.48,1.0,0.46,0.29,0.69,0.89,0.05,0.89,0.52,0.44,0.24,0.66,0.77
Customer19,0.96,0.24,0.34,0.04,0.6,0.26,0.82,0.99,0.78,0.46,0.18,0.44,0.36,0.89,0.75,0.16,0.79,0.56,0.91,0.59,0.42,0.36,0.74,0.04,0.1,0.72
Customer20,0.86,0.75,0.34,0.71,0.12,0.89,0.79,0.04,0.98,0.54,0.53,0.21,0.59,0.98,0.26,0.66,0.44,0.21,0.51,0.34,0.72,0.75,0.89,0.91,0.94,0.35
Customer21,0.31,0.67,0.45,0.5,0.08,0.07,0.74,0.66,0.75,0.14,0.32,0.57,0.38,0.11,0.8,0.46,0.73,0.35,0.66,0.08,0.66,0.79,0.69,0.73,0.54,0.43
Customer22,0.87,0.4,0.4,0.3,0.61,0.45,0.44,0.83,0.67,0.92,0.48,0.22,0.83,0.41,0.62,0.58,0.26,0.57,0.14,0.35,0.84,0.09,0.19,0.31,0.41,0.42
Customer23,0.37,0.21,0.91,0.42,0.78,0.8,0.63,0.7,0.87,0.34,0.73,0.41,0.93,0.24,0.88,0.81,0.84,0.3,0.3,0.27,0.7,0.63,0.26,0.81,0.14,0.81
Customer24,0.4,0.55,0.4,0.99,0.2,0.97,0.26,0.04,0.84,0.67,0.25,0.99,0.27,0.48,0.54,0.52,0.65,0.28,0.95,0.88,0.47,0.58,0.61,0.64,0.8,0.21
Customer25,0.16,0.51,0.53,0.62,0.11,0.31,0.83,0.09,0.5,0.26,0.09,0.03,0.42,0.93,0.66,0.27,0.59,0.1,0.97,0.68,0.29,0.72,0.27,0.36,0.25,0.31
Customer26,0.58,0.78,0.13,0.81,0.21,0.22,0.89,0.04,0.27,0.15,0.22,0.69,0.02,0.18,0.09,0.79,0.94,0.31,0.12,0.22,0.18,0.18,0.68,0.45,0.09,0.58
Customer27,0.44,0.89,0.45,0.77,0.26,0.21,0.25,0.05,0.11,0.47,0.42,0.41,0.16,0.91,0.88,0.07,0.82,0.22,0.79,0.2,0.16,0.78,0.59,0.77,0.4,0.07
Customer28,0.74,0.88,0.83,0.86,0.78,0.0,0.23,0.48,0.87,0.38,0.77,0.22,0.55,0.63,0.87,0.84,0.86,0.14,0.79,0.46,0.21,0.26,0.78,0.29,0.42,0.99
Customer29,0.92,0.73,0.34,0.28,0.67,0.99,0.75,0.0,0.9,0.09,0.19,0.75,0.89,0.01,0.16,0.37,0.01,0.69,0.55,0.72,0.06,0.03,0.67,0.12,0.21,0.97
Customer30,0.4,0.25,0.66,0.6,0.67,0.61,0.67,0.85,0.13,0.14,0.46,0.04,0.24,0.33,0.13,0.65,0.16,0.68,0.06,0.08,0.76,0.82,0.7,0.1,0.02,0.99
Customer31,0.31,0.01,0.4,0.12,0.67,0.45,0.01,0.56,0.54,0.91,0.9,0.36,0.12,0.15,0.98,0.72,0.41,0.71,0.43,0.84,0.21,0.05,0.82,0.94,0.62,0.68
Customer32,0.07,0.53,0.43,0.31,0.41,0.7,0.07,0.78,0.27,0.26,0.13,0.6,0.93,0.44,0.36,0.67,0.57,0.48,0.48,0.58,0.58,0.79,0.37,0.3,0.91,0.55
Customer33,0.64,0.81,0.75,0.04,0.64,0.53,0.54,0.94,0.74,0.55,0.74,0.2,0.69,0.4,0.94,0.47,0.62,0.55,0.37,0.23,0.32,0.09,0.9,0.91,0.98,0.61
Customer34,0.9,0.63,0.2,0.8,0.72,0.54,0.81,0.79,0.11,0.62,0.4,0.42,0.82,0.81,0.1,0.47,0.95,1.0,0.0,0.81,0.84,0.22,0.57,0.95,0.79,0.88
Customer35,0.25,0.17,0.7,0.2,0.37,0.38,0.76,0.12,0.44,0.7,0.34,0.98,0.44,0.34,0.49,1.0,0.44,0.12,0.65,0.21,0.96,0.09,0.48,0.94,0.87,0.76
Customer36,0.0,0.67,0.07,0.59,0.94,0.87,0.81,0.75,0.09,0.65,0.48,0.77,0.48,0.44,0.82,0.46,0.85,0.5,0.55,0.85,0.99,0.32,0.56,0.18,0.18,0.3
Customer37,0.08,0.89,0.98,0.53,0.64,0.97,0.43,0.53,0.42,0.9,0.87,0.84,0.31,0.59,0.19,0.38,0.44,0.88,0.95,0.5,0.5,0.73,0.36,0.4,0.83,0.27
Customer38,0.96,0.89,0.87,0.82,0.06,0.04,0.38,0.04,0.63,0.55,0.61,0.3,0.38,0.01,0.07,0.08,0.35,0.58,0.29,0.48,0.29,0.73,0.7,0.64,0.07,0.74
Customer39,0.65,0.58,0.25,0.19,0.54,0.8,0.73,0.83,0.04,0.95,0.44,0.14,0.23,0.7,0.5,0.61,0.16,0.59,0.39,0.07,0.53,0.52,0.46,0.83,0.94,0.12
Customer40,0.62,0.72,0.64,0.43,0.35,0.19,0.32,0.46,0.83,0.74,0.87,0.95,0.12,0.41,0.46,0.8,0.82,0.34,0.3,0.28,0.36,0.47,0.68,0.12,0.35,0.26
Customer41,0.49,0.96,0.34,0.77,0.94,0.87,0.84,0.33,0.36,0.78,0.75,0.77,0.55,0.23,0.35,0.48,0.93,0.63,0.39,0.11,0.21,0.93,0.07,0.45,0.55,0.7
Customer42,0.18,0.46,0.38,0.86,0.99,0.7,0.86,0.05,0.68,0.56,0.87,0.83,0.89,0.61,0.67,0.18,0.7,0.91,0.14,0.19,0.39,0.8,0.43,0.89,0.24,0.7
Customer43,0.13,0.42,0.03,0.34,0.7,0.88,0.52,0.93,0.39,0.13,0.16,0.83,0.31,0.7,0.39,0.66,0.39,0.75,0.8,0.75,0.12,0.22,0.22,0.62,0.02,0.29
Customer44,0.29,0.34,0.37,0.12,0.28,0.16,0.42,0.76,0.28,0.69,0.13,0.99,0.65,0.83,0.31,0.89,0.64,0.36,0.99,0.17,0.93,0.93,0.09,0.93,0.63,0.23
Customer45,0.8,0.21,0.54,0.69,0.1,0.9,0.08,0.34,1.0,0.77,0.73,0.35,0.23,0.11,0.65,0.01,0.38,0.77,0.3,0.85,0.06,0.4,0.79,0.63,0.04,0.35
Customer46,0.09,0.65,0.55,0.42,0.5,0.5,0.55,0.9,0.35,0.39,0.14,0.6,0.07,0.11,0.03,0.23,0.18,0.87,0.44,0.4,0.42,0.45,0.56,0.51,0.59,0.97
Customer47,0.96,0.94,0.78,0.06,0.23,0.8,0.12,0.94,0.12,0.62,0.19,0.69,0.77,0.61,0.44,0.23,0.59,0.99,0.57,0.01,0.0,0.35,0.53,0.8,0.44,0.85
Customer48,0.24,0.73,0.62,0.29,0.73,0.79,0.13,0.59,0.83,0.76,0.64,0.72,0.26,0.02,0.29,0.29,0.32,0.29,0.32,0.95,0.38,0.25,0.29,0.25,0.75,0.27
Customer49,0.25,0.32,0.32,0.82,0.23,0.43,0.53,0.06,1.0,0.54,0.97,0.34,0.72,0.02,0.43,0.52,0.06,0.09,0.45,0.56,0.47,0.64,0.32,0.98,0.19,0.47
Customer50,0.87,0.44,0.97,0.82,0.37,0.25,0.23,0.0,0.32,0.44,0.52,0.81,0.99,0.65,0.8,0.63,0.54,0.73,0.96,0.85,0.53,0.12,0.63,0.06,0.86,0.68
Customer51,0.45,0.75,0.76,0.6,0.89,0.16,0.72,0.7,0.42,0.51,0.62,0.43,0.42,0.93,0.12,0.58,0.78,0.74,0.05,0.22,0.95,0.02,0.48,0.87,0.74,0.28
Customer52,0.31,0.93,0.71,0.14,0.81,0.04,0.73,0.83,0.13,0.63,0.33,0.13,0.81,0.67,0.58,0.26,0.47,0.67,0.53,0.63,0.83,0.85,0.78,0.31,0.93,0.17
Customer53,0.04,0.49,0.89,0.82,0.27,0.87,0.04,0.08,1.0,0.49,0.4,0.37,0.56,0.58,0.36,0.21,0.85,0.88,0.35,0.44,0.24,0.04,0.05,0.57,0.55,0.79
Customer54,0.87,0.69,0.63,0.14,0.12,0.74,0.27,0.39,0.35,0.1,0.29,0.12,0.45,0.19,0.96,0.21,0.62,0.7,0.79,0.58,0.22,0.32,0.2,0.33,0.29,0.61
Customer55,0.06,0.36,0.67,0.89,0.86,0.59,0.81,0.39,0.04,0.55,0.59,0.15,0.77,0.17,0.94,0.69,0.46,0.78,0.73,0.26,0.13,0.92,0.3,0.01,0.46,0.22
Customer56,0.24,0.47,0.06,0.08,1.0,0.37,0.21,0.86,0.12,0.97,0.1,0.01,0.65,0.01,0.45,0.36,0.36,0.95,0.33,0.45,0.2,0.51,0.54,0.24,0.24,0.84
Customer57,0.19,0.77,0.21,0.51,0.7,0.88,0.28,0.11,0.01,0.52,0.76,0.48,0.39,0.95,0.46,0.71,0.11,1.0,0.09,0.5,0.85,0.5,0.45,0.04,0.83,0.68
Customer58,0.91,0.25,0.4,0.09,0.18,0.56,0.93,0.3,0.12,0.4,0.47,0.17,0.3,0.49,0.45,0.31,0.65,0.14,0.97,0.22,0.4,0.64,0.41,0.22,0.71,0.45
Customer59,0.63,0.66,0.78,0.53,0.14,0.41,0.82,0.6,0.55,0.11,0.09,0.88,0.97,0.3,0.06,0.19,0.62,0.78,0.35,0.82,0.54,0.67,0.64,0.08,0.36,0.25
Customer60,0.55,0.93,0.64,0.71,0.14,0.07,0.68,0.68,0.08,0.44,0.55,0.86,0.43,0.36,0.07,0.62,0.05,0.6,0.23,0.09,0.28,0.24,0.56,0.54,0.63,0.52
Customer61,0.58,0.07,0.04,0.21,0.93,0.64,0.72,0.98,0.81,0.04,0.09,0.48,0.55,0.91,0.29,0.97,0.32,0.97,0.1,0.94,0.16,0.87,0.84,0.77,0.37,0.49
Customer62,0.59,0.27,0.03,0.05,0.95,0.61,0.63,0.9,0.31,0.02,0.69,0.36,0.47,0.73,0.36,0.32,0.15,0.7,0.34,0.53,0.46,0.61,0.46,0.47,0.45,0.09
Customer63,0.54,0.66,0.81,0.33,0.97,0.12,0.15,0.83,0.68,0.77,0.29,0.6,0.48,0.06,0.98,0.71,0.4,0.12,0.5,0.61,0.43,0.21,0.18,0.88,0.12,0.97
Customer64,0.49,0.14,0.47,0.07,0.52,0.92,0.58,0.37,0.72,0.89,0.49,0.67,0.49,0.36,0.27,0.76,0.58,0.61,0.14,0.06,0.23,0.56,0.99,0.78,0.9,0.12
Customer65,0.74,0.41,0.97,0.99,0.77,0.67,0.2,0.33,0.54,0.21,0.83,0.4,0.42,0.8,1.0,0.87,0.5,0.4,0.92,0.51,0.84,0.59,0.7,0.64,0.43,0.17
Customer66,0.44,0.95,0.58,0.16,0.96,0.3,0.85,0.83,0.7,0.18,0.93,0.44,0.71,0.23,0.0,0.44,0.29,0.9,0.5,0.65,0.71,0.57,0.47,0.0,0.67,0.49
Customer67,0.37,0.98,0.89,0.35,0.59,0.13,0.55,0.05,0.65,0.76,0.12,0.24,1.0,0.13,0.18,0.12,0.42,0.56,0.41,0.4,0.68,0.14,0.47,0.62,0.03,0.71
Customer68,0.13,0.33,0.56,0.98,0.87,0.79,0.99,0.63,0.52,0.74,0.2,0.89,0.95,0.39,0.86,0.65,0.21,0.51,0.16,0.82,1.0,0.24,0.63,0.77,0.57,0.28
Customer69,0.75,0.42,0.01,0.22,0.93,0.14,0.33,0.0,0.63,0.06,0.67,0.76,0.08,0.33,0.5,0.14,0.13,0.81,0.39,0.66,0.55,0.83,0.04,0.52,0.27,0.99
Customer70,0.89,0.37,0.14,0.41,0.02,0.27,0.92,0.03,0.38,0.31,0.8,0.22,0.05,0.96,0.16,0.96,0.45,0.31,0.1,0.6,0.08,0.25,0.9,0.49,0.92,0.28
Customer71,0.74,0.45,0.77,0.06,0.81,0.75,0.42,0.13,0.38,0.74,0.53,0.33,0.48,0.11,0.53,0.47,0.34,0.11,0.03,0.15,0.38,0.61,0.94,0.92,0.95,0.6
Customer72,0.45,0.65,0.99,0.31,0.22,0.03,0.65,0.52,0.0,0.09,0.63,0.1,0.76,0.79,0.21,0.03,0.22,0.42,0.68,0.14,0.68,0.91,0.07,0.31,0.21,0.59
Customer73,0.8,0.3,0.83,0.86,0.62,0.81,0.37,0.44,0.72,0.11,0.07,0.33,0.9,0.29,0.58,0.03,0.2,0.49,0.73,0.07,0.06,0.56,0.4,0.3,0.26,0.15
Customer74,0.37,0.84,0.34,0.27,0.61,0.67,0.03,0.06,0.96,0.83,0.57,0.51,0.65,0.88,0.36,0.92,0.2,0.36,0.69,0.71,0.17,0.39,0.06,0.37,0.25,0.78
Customer75,0.75,0.51,0.23,0.36,0.31,0.14,0.66,0.67,0.31,0.67,0.67,0.23,0.46,0.75,0.14,0.11,0.94,0.77,0.7,0.45,0.51,0.12,0.6,0.64,0.92,0.65
Customer76,0.39,0.07,0.95,0.86,0.43,0.9,0.9,0.98,0.56,0.7,0.25,0.84,0.18,0.4,0.51,0.55,0.77,0.1,0.59,0.33,0.24,0.8,0.14,0.01,0.35,0.09
Customer77,0.11,0.27,0.71,0.5,0.98,0.19,0.05,0.07,0.29,0.64,0.51,0.66,0.06,0.23,0.04,1.0,0.96,0.76,0.3,0.17,0.86,0.41,0.71,0.5,0.6,0.3
Customer78,0.65,0.26,0.46,0.46,0.07,0.09,0.3,0.13,0.42,0.09,0.63,0.58,0.84,0.26,0.93,0.25,0.81,0.63,0.31,0.15,0.48,0.08,0.85,0.68,0.97,0.02
Customer79,0.93,0.23,0.41,0.75,0.45,0.45,0.75,0.74,0.37,0.81,0.79,0.3,0.59,0.31,0.86,0.29,0.57,0.29,0.39,0.43,0.23,0.8,0.35,0.96,0.12,0.24
Customer80,0.63,0.57,0.38,0.51,0.96,0.89,0.29,0.79,0.58,0.0,0.22,0.85,0.07,0.6,0.92,0.9,0.85,0.98,0.35,0.31,0.68,0.79,0.49,0.02,0.73,0.56
Customer81,0.39,0.89,0.07,0.72,0.22,0.74,0.51,0.53,0.42,0.37,0.39,0.6,0.92,0.15,0.58,0.92,0.07,0.49,0.44,0.36,0.43,0.69,0.16,0.76,0.75,0.3
Customer82,0.4,0.15,0.57,0.09,0.44,0.9,0.09,0.0,0.7,0.08,0.57,0.03,1.0,0.45,0.67,0.28,0.64,0.52,0.84,0.92,0.98,0.59,0.94,0.84,0.15,0.93
Customer83,0.21,0.6,0.24,0.81,0.68,0.98,0.57,0.33,0.48,0.39,0.52,0.94,0.79,0.65,0.85,0.33,0.06,0.74,0.72,0.75,0.92,0.22,0.94,0.53,0.4,0.2
Customer84,0.14,0.73,0.35,0.72,0.04,0.64,0.95,0.16,0.0,0.01,0.07,0.1,0.25,0.31,0.31,0.53,0.93,0.72,0.11,0.18,0.44,0.75,0.76,0.71,0.81,0.9
Customer85,0.11,0.84,0.7,0.89,0.84,0.86,0.97,0.8,0.36,0.07,0.31,0.4,0.08,0.25,0.39,0.92,0.9,0.31,0.35,0.07,0.8,0.14,0.98,0.07,0.3,0.81
Customer86,0.56,0.97,0.45,0.09,0.49,0.69,0.73,0.64,0.54,0.17,0.26,0.92,0.44,0.23,0.71,0.25,0.2,0.31,0.53,0.41,0.24,0.73,0.71,0.66,0.3,0.07
Customer87,0.79,0.51,0.86,0.21,0.24,0.88,0.85,0.24,0.3,0.66,0.16,0.03,0.7,0.47,0.48,0.27,0.74,1.0,0.47,0.92,0.26,0.44,0.8,0.83,0.96,0.91
Customer88,0.89,0.44,0.2,0.45,0.2,0.68,0.92,0.42,0.92,0.99,0.83,0.3,0.42,0.38,0.04,0.83,0.7,0.38,0.97,0.75,0.67,1.0,0.18,0.1,0.25,0.72
Customer89,0.36,0.35,0.37,0.61,0.97,0.25,0.17,0.27,0.11,0.4,0.28,0.94,0.36,0.97,0.76,0.21,0.16,0.21,0.32,0.22,0.83,0.31,0.85,0.56,0.68,0.84
Customer90,0.79,0.5,0.31,0.67,0.36,0.84,0.47,0.1,0.42,0.02,0.74,0.92,0.79,0.91,0.94,0.52,0.28,0.44,0.71,0.61,0.35,0.89,0.43,0.05,0.34,0.23
Customer91,0.71,0.08,0.62,0.29,0.77,0.97,0.88,0.85,0.07,0.18,0.36,0.11,0.4,0.78,0.31,0.65,0.35,0.05,0.79,0.8,0.87,0.41,0.22,0.28,0.44,0.62
Customer92,0.6,0.18,0.04,0.9,0.38,0.98,0.62,0.51,0.1,0.28,0.73,0.41,0.15,0.19,0.25,0.4,0.72,0.52,0.07,0.47,0.96,0.74,0.86,0.85,0.18,0.37
Customer93,0.96,0.37,0.22,0.33,0.99,0.79,0.81,0.19,0.29,0.95,0.58,0.01,0.79,0.77,0.27,0.42,0.98,0.53,0.93,0.92,0.13,0.28,0.9,0.31,0.04,0.75
Customer94,0.85,0.08,0.96,0.37,0.43,0.83,0.69,0.24,0.89,0.47,0.04,0.94,0.46,0.71,0.87,0.67,0.3,0.28,0.11,0.48,0.41,0.4,0.39,0.58,0.51,0.03
Customer95,0.71,0.44,0.01,0.01,0.99,0.04,0.2,0.61,0.89,0.46,0.98,0.23,0.98,0.48,0.55,0.37,0.73,0.2,0.96,0.75,0.24,0.6,0.14,0.2,0.94,0.45
Customer96,0.33,0.68,0.06,0.56,0.96,0.35,0.17,0.52,0.9,0.44,0.44,0.66,0.34,0.97,0.76,0.98,0.46,0.04,0.22,0.65,0.79,0.28,0.02,0.52,0.72,0.92
Customer97,0.69,0.99,0.31,0.01,0.7,0.01,0.76,0.19,0.85,0.18,0.11,0.28,0.19,0.9,0.89,0.59,0.47,0.05,0.01,0.55,0.81,0.64,0.22,0.35,0.45,0.23
Customer98,0.67,0.22,0.91,0.32,0.35,0.93,0.11,0.67,0.47,0.64,0.73,0.68,0.39,0.85,0.82,0.5,0.44,0.22,0.41,0.96,0.42,0.23,0.46,0.51,0.33,0.59
Customer99,0.09,0.86,0.24,0.49,0.5,0.36,0.62,0.11,0.37,0.68,0.07,0.42,0.37,0.54,0.5,0.29,0.95,0.7,0.8,0.4,0.75,0.41,0.37,0.31,0.82,0.89
Customer100,0.18,0.71,0.99,0.67,0.47,0.47,0.15,0.48,0.37,0.34,0.4,0.39,0.56,0.64,0.5,0.43,0.7,0.36,0.48,0.69,0.44,0.3,0.6,0.07,0.33,0.74
